{"cameraMode":{"drawMode":0,"name":"Shaded","section":"Shading Mode"},"sceneLighting":true,"audioPlay":false,"sceneViewState":{"m_AlwaysRefresh":false,"showFog":true,"showSkybox":true,"showFlares":true,"showImageEffects":true,"showParticleSystems":true,"showVisualEffectGraphs":true,"m_FxEnabled":true},"in2DMode":false,"pivot":{"x":16.592853546142579,"y":1.8467612266540528,"z":7.113896369934082},"rotation":{"x":0.16734585165977479,"y":-0.13759857416152955,"z":0.023582274094223977,"w":0.9759910106658936},"size":0.0624363087117672,"orthographic":false}