{"cameraMode":{"drawMode":0,"name":"Shaded","section":"Shading Mode"},"sceneLighting":true,"audioPlay":false,"sceneViewState":{"m_AlwaysRefresh":false,"showFog":true,"showSkybox":true,"showFlares":true,"showImageEffects":true,"showParticleSystems":true,"showVisualEffectGraphs":true,"m_FxEnabled":true},"in2DMode":false,"pivot":{"x":16.592853546142579,"y":1.8467612266540528,"z":7.113896369934082},"rotation":{"x":0.02246292121708393,"y":-0.7852299213409424,"z":0.028518090024590493,"w":0.6181771755218506},"size":0.03847317397594452,"orthographic":false}