{"cameraMode":{"drawMode":0,"name":"Shaded","section":"Shading Mode"},"sceneLighting":true,"audioPlay":false,"sceneViewState":{"m_AlwaysRefresh":false,"showFog":true,"showSkybox":true,"showFlares":true,"showImageEffects":true,"showParticleSystems":true,"showVisualEffectGraphs":true,"m_FxEnabled":true},"in2DMode":false,"pivot":{"x":6.245291709899902,"y":1.2038322687149048,"z":2.8849434852600099},"rotation":{"x":-0.0025600746739655735,"y":0.9817638993263245,"z":0.013254588469862938,"w":0.18962344527244569},"size":4.010521411895752,"orthographic":false}